label	number	printed_page	physical_page	pdf_sha256	page_png	page_image_sha256	machine_warnings	review_status	review_mode	print_label_line_weight	caption_separation	grayscale_accessibility	semantic_value	theorem_evidence_scope	higher_res_crop	notes
fig:wightman-fields-to-local-algebras	2.1	23	103	8671d9c77082d3cc1699ff2003ea578cd7e79f571d76a270463fca71baecebe3	monograph/tex/build/figure_audit_current/pages/page-0103.png	57ea1a6d812e2fc2509c87c38e267d436bf4135df2e51740260bc51b3303d8e6		pass	full-page-120dpi-original	pass	pass	pass	pass	pass	not-needed	Original page review: labels/arrows readable; caption separated; diagram adds source-vs-net comparison structure; no color dependence.
fig:wightman-reconstruction	2.2	30	110	8671d9c77082d3cc1699ff2003ea578cd7e79f571d76a270463fca71baecebe3	monograph/tex/build/figure_audit_current/pages/page-0110.png	62028041fbdfe3b1683804326ec0dcaadd3ddef7f67ce80ab945939c92ff6cf2		pass	full-page-120dpi-original	pass	pass	pass	pass	pass	not-needed	Original page review: proof-flow boxes readable; arrows clear; caption separated; semantic reconstruction sequence not redundant with prose.
fig:wightman-tube-analyticity	2.3	32	112	8671d9c77082d3cc1699ff2003ea578cd7e79f571d76a270463fca71baecebe3	monograph/tex/build/figure_audit_current/pages/page-0112.png	63566f3ce06379864ec43b97fdb441ff9e279962ec0ad6a0789becd06ac805fa		pass	full-page-120dpi-original	pass	pass	pass	pass	pass	not-needed	Original page review: labels readable; colored regions also separated by position/outline/dashing; caption separated; semantics survive grayscale.
fig:aqft-local-net	3.1	38	118	8671d9c77082d3cc1699ff2003ea578cd7e79f571d76a270463fca71baecebe3	monograph/tex/build/figure_audit_current/pages/page-0118.png	af127b44c0090cb2a6bfc28736fb7dc8f5bdd9b323481ffa0e5ca5b8b60de4d9		pass	full-page-120dpi-original	pass	pass	pass	pass	pass	not-needed	Original page review: isotony and spacelike-separation labels readable; no clipping; caption separated; diagram encodes defining net data.
fig:gns-representation	3.2	45	125	8671d9c77082d3cc1699ff2003ea578cd7e79f571d76a270463fca71baecebe3	monograph/tex/build/figure_audit_current/pages/page-0125.png	86caf37566667faa38f5afc238a57d8e334aebea060b7b569e11f1708e6cee18		pass	full-page-120dpi-original	pass	pass	pass	pass	pass	not-needed	Original page review: all algebra/quotient labels readable; arrows clear; caption separated; construction flow is semantically useful.
fig:reeh-schlieder-cyclicity	3.3	65	145	8671d9c77082d3cc1699ff2003ea578cd7e79f571d76a270463fca71baecebe3	monograph/tex/build/figure_audit_current/pages/page-0145.png	f724342b711831c1e080e9569f6f50847e75676f1fd77005919f3d20ca8ae52a	substantial_color_pixels_check_grayscale_semantics	pass	full-page-120dpi-original	pass	pass	pass	pass	pass	not-needed	Original page review: labels readable despite color warning; color distinctions backed by shapes, arrows, and text; caption separated; proof mechanism is visible.
fig:dhr-localized-sector	4.1	68	148	8671d9c77082d3cc1699ff2003ea578cd7e79f571d76a270463fca71baecebe3	monograph/tex/build/figure_audit_current/pages/page-0148.png	17514fc6b0eeefb49f65ac4c27eb1ae84e58c1f2e1ea883cb0278c59fba142a4		pass	full-page-120dpi-original	pass	pass	pass	pass	pass	not-needed	Original page review: spacelike-complement labels readable; pale regions visible but not color-only; caption separated; geometric sector meaning is clear.
fig:split-property	4.2	82	162	8671d9c77082d3cc1699ff2003ea578cd7e79f571d76a270463fca71baecebe3	monograph/tex/build/figure_audit_current/pages/page-0162.png	1f5c2a5b1aa878ee62a99d26ad216c09c09a61342ded8ba41296b1f72c71d0e7		pass	full-page-120dpi-original	pass	pass	pass	pass	pass	not-needed	Original page review: line weights and labels readable; caption separated; nested-region/type-I interpolant content clear.
fig:modular-wedge-flow	4.3	104	184	8671d9c77082d3cc1699ff2003ea578cd7e79f571d76a270463fca71baecebe3	monograph/tex/build/figure_audit_current/pages/page-0184.png	e5258284295b10c07e4c9a6b1f30588b7428cd8fdc799458f9c08c0e51661179		pass	full-page-120dpi-original	pass	pass	pass	pass	pass	not-needed	Original page review: wedge, orbit, modular group labels readable; no clipping; caption separated; geometric modular-flow content clear.
fig:translation-spectrum-mass-shell	5.1	113	193	8671d9c77082d3cc1699ff2003ea578cd7e79f571d76a270463fca71baecebe3	monograph/tex/build/figure_audit_current/pages/page-0193.png	e28cb4e780521b2c1661c3bae5569072db070e7c702a56d8402419e86085e44a	substantial_color_pixels_check_grayscale_semantics	pass	full-page-120dpi-original	pass	pass	pass	pass	pass	not-needed	Original page review: color warning checked; threshold/shell/neighborhood labels readable and also separated geometrically; caption separated; spectral-gap content clear.
fig:causal-lightcone-local-operation	5.2	117	197	8671d9c77082d3cc1699ff2003ea578cd7e79f571d76a270463fca71baecebe3	monograph/tex/build/figure_audit_current/pages/page-0197.png	da29bc9d05b3127ff7744c757c9b470cce872b87844af4d08a83fca9ae2827da	substantial_color_pixels_check_grayscale_semantics	pending	pending	pending	pending	pending	pending	pending	pending	pending review
fig:anharmonic-second-order-vacuum-topologies	8.1	157	237	8671d9c77082d3cc1699ff2003ea578cd7e79f571d76a270463fca71baecebe3	monograph/tex/build/figure_audit_current/pages/page-0237.png	2992f448817ae0a661d753f5c26f38d1bcef383d58d812902dec4686f1a03066		pending	pending	pending	pending	pending	pending	pending	pending	pending review
fig:anharmonic-normalized-two-point-connected-diagrams	8.2	160	240	8671d9c77082d3cc1699ff2003ea578cd7e79f571d76a270463fca71baecebe3	monograph/tex/build/figure_audit_current/pages/page-0240.png	f353b5345e744d3ade04759387c9c223ee00ef18f95ad2f838f3a252a7952aff		pending	pending	pending	pending	pending	pending	pending	pending	pending review
fig:volume-i-derivative-interaction-contractions	8.3	164	244	8671d9c77082d3cc1699ff2003ea578cd7e79f571d76a270463fca71baecebe3	monograph/tex/build/figure_audit_current/pages/page-0244.png	5ec0ca11a473f39fc96ac811df646aaa97ff7b2ff02896172318a318a266bfa7		pending	pending	pending	pending	pending	pending	pending	pending	pending review
fig:scalar-mass-shell-branches	9.1	169	249	8671d9c77082d3cc1699ff2003ea578cd7e79f571d76a270463fca71baecebe3	monograph/tex/build/figure_audit_current/pages/page-0249.png	1853225022ddc397868360bbdaed3f8bacb48bf28e2501b794d97964ef6d1471		pending	pending	pending	pending	pending	pending	pending	pending	pending review
fig:current-conservation-boundary-flux	10.1	181	261	8671d9c77082d3cc1699ff2003ea578cd7e79f571d76a270463fca71baecebe3	monograph/tex/build/figure_audit_current/pages/page-0261.png	dbe2bbdf459ce9614c3e42584732c9eacd9444794c17ea9e935a01374e221a5a		pending	pending	pending	pending	pending	pending	pending	pending	pending review
fig:complex-time-contour-ordering	11.1	195	275	8671d9c77082d3cc1699ff2003ea578cd7e79f571d76a270463fca71baecebe3	monograph/tex/build/figure_audit_current/pages/page-0275.png	4b319d319804e8cfe70b24cc9b77613551740ca31d4a465e1d28081a6447f876		pending	pending	pending	pending	pending	pending	pending	pending	pending review
fig:uniform-wick-rotation-insertion-times	11.2	198	278	8671d9c77082d3cc1699ff2003ea578cd7e79f571d76a270463fca71baecebe3	monograph/tex/build/figure_audit_current/pages/page-0278.png	bf5acc3f4e70741e89333e4a8aeb668d71ad1280300fda5f0c297b2857eaf530		pending	pending	pending	pending	pending	pending	pending	pending	pending review
fig:feynman-prescription-from-wick-rotation	11.3	204	284	8671d9c77082d3cc1699ff2003ea578cd7e79f571d76a270463fca71baecebe3	monograph/tex/build/figure_audit_current/pages/page-0284.png	edf499d6ffd809d57369e99e6a1032fb830d181a840ed81bc43bd4fddee8323f		pending	pending	pending	pending	pending	pending	pending	pending	pending review
fig:os-reflection-positivity	12.1	210	290	8671d9c77082d3cc1699ff2003ea578cd7e79f571d76a270463fca71baecebe3	monograph/tex/build/figure_audit_current/pages/page-0290.png	30571a77ef8ebf5dc93f698f5e6c8e991fb55b3b618e742fdd6ce9594530952d		pending	pending	pending	pending	pending	pending	pending	pending	pending review
fig:kallen-lehmann-feynman-contour-closures	14.1	254	334	8671d9c77082d3cc1699ff2003ea578cd7e79f571d76a270463fca71baecebe3	monograph/tex/build/figure_audit_current/pages/page-0334.png	73bd8192f6b8e6bbc547d7c26c3d3febd6721f132e581f13a2f2764eb417c4ca		pending	pending	pending	pending	pending	pending	pending	pending	pending review
fig:standard-boost-positive-mass-shell	14.2	261	341	8671d9c77082d3cc1699ff2003ea578cd7e79f571d76a270463fca71baecebe3	monograph/tex/build/figure_audit_current/pages/page-0341.png	a63b430ca2ed68270d70c0262395c947dd7d99ca930d42657e26ce030e0446df		pending	pending	pending	pending	pending	pending	pending	pending	pending review
fig:kallen-lehmann-pole-and-continuum	14.3	264	344	8671d9c77082d3cc1699ff2003ea578cd7e79f571d76a270463fca71baecebe3	monograph/tex/build/figure_audit_current/pages/page-0344.png	50106515f38fe05fc2849168d1d82877b09271836a9ca57dfdb6859d266817e8		pending	pending	pending	pending	pending	pending	pending	pending	pending review
fig:normalized-correlator-component-selection	15.1	271	351	8671d9c77082d3cc1699ff2003ea578cd7e79f571d76a270463fca71baecebe3	monograph/tex/build/figure_audit_current/pages/page-0351.png	7d3315ac79aa09d823b0fade5c214cc1dc994504959ac8be3659575c1acbc81a		pending	pending	pending	pending	pending	pending	pending	pending	pending review
fig:euclidean-phi-four-feynman-rules	15.2	272	352	8671d9c77082d3cc1699ff2003ea578cd7e79f571d76a270463fca71baecebe3	monograph/tex/build/figure_audit_current/pages/page-0352.png	46e2862997fd5dff36e361496afeccbe46b79e2c590ffb33ffbb7f0c1b83319a		pending	pending	pending	pending	pending	pending	pending	pending	pending review
fig:four-point-wick-connected-decomposition	15.3	278	358	8671d9c77082d3cc1699ff2003ea578cd7e79f571d76a270463fca71baecebe3	monograph/tex/build/figure_audit_current/pages/page-0358.png	9138ff7d7e3b64ac9c5e094181127353931bcdf2573673d7527954af7cadd3ef		pending	pending	pending	pending	pending	pending	pending	pending	pending review
fig:bcfw-factorization	21.1	366	446	8671d9c77082d3cc1699ff2003ea578cd7e79f571d76a270463fca71baecebe3	monograph/tex/build/figure_audit_current/pages/page-0446.png	788be523feac0c171778daec4207ecdac6d6830766daae4e3e9b7afe0128cbc2		pending	pending	pending	pending	pending	pending	pending	pending	pending review
fig:haag-ruelle-spectral-transfer	22.1	371	451	8671d9c77082d3cc1699ff2003ea578cd7e79f571d76a270463fca71baecebe3	monograph/tex/build/figure_audit_current/pages/page-0451.png	a2b203f565ae0c67b5b29f56f6cfa79ecedb067e21ddbf48652fcafc7cc5cbc6	substantial_color_pixels_check_grayscale_semantics	pending	pending	pending	pending	pending	pending	pending	pending	pending review
fig:exchange-model-stu-tree-routings	25.1	423	503	8671d9c77082d3cc1699ff2003ea578cd7e79f571d76a270463fca71baecebe3	monograph/tex/build/figure_audit_current/pages/page-0503.png	51fc30feadf40810e6c9b2095111f9cd11ab6581d6188466710109afa1d3aebd		pending	pending	pending	pending	pending	pending	pending	pending	pending review
fig:resonance-k-plane-outgoing-growth	26.1	434	514	8671d9c77082d3cc1699ff2003ea578cd7e79f571d76a270463fca71baecebe3	monograph/tex/build/figure_audit_current/pages/page-0514.png	1e09610c219fa832d5d0ca444d05cda092f07ec6b1e7ddec0ba34463344fdc9f		pending	pending	pending	pending	pending	pending	pending	pending	pending review
fig:resonance-second-sheet-energy-plane	26.2	435	515	8671d9c77082d3cc1699ff2003ea578cd7e79f571d76a270463fca71baecebe3	monograph/tex/build/figure_audit_current/pages/page-0515.png	692e9dd1f6c66686b0400f0dd531005e4f37994e2d1c2156e0b6380d8efaee66	substantial_color_pixels_check_grayscale_semantics	pending	pending	pending	pending	pending	pending	pending	pending	pending review
fig:self-energy-cut-continuation	26.3	438	518	8671d9c77082d3cc1699ff2003ea578cd7e79f571d76a270463fca71baecebe3	monograph/tex/build/figure_audit_current/pages/page-0518.png	d5312fc7a24d9abb93fe0c5b8bc712668bcb724a6537125a12643de496d0dd84		pending	pending	pending	pending	pending	pending	pending	pending	pending review
fig:chain-amplitude-single-channel	27.1	452	532	8671d9c77082d3cc1699ff2003ea578cd7e79f571d76a270463fca71baecebe3	monograph/tex/build/figure_audit_current/pages/page-0532.png	06ef5425053c217c7be54c916585e2b8bab5b1b34dd9e81313d9d5f7614b3025		pending	pending	pending	pending	pending	pending	pending	pending	pending review
fig:bethe-salpeter-kernel-homogeneous-equation	27.2	458	538	8671d9c77082d3cc1699ff2003ea578cd7e79f571d76a270463fca71baecebe3	monograph/tex/build/figure_audit_current/pages/page-0538.png	0d283dc98c589dd07cb2d42e5e1bcb2e82184562d34ef64b67a5e948379a0867		pending	pending	pending	pending	pending	pending	pending	pending	pending review
fig:fixed-t-physical-edge-cuts	28.1	461	541	8671d9c77082d3cc1699ff2003ea578cd7e79f571d76a270463fca71baecebe3	monograph/tex/build/figure_audit_current/pages/page-0541.png	c8736edac8093206ff4b10ff9bc20f3bdcc6bd969fa74714cf0a449bd4acf9d7		pending	pending	pending	pending	pending	pending	pending	pending	pending review
fig:triangle-landau-positive-parameter-data	28.2	491	571	8671d9c77082d3cc1699ff2003ea578cd7e79f571d76a270463fca71baecebe3	monograph/tex/build/figure_audit_current/pages/page-0571.png	46902df8eda4138b8e5cbe83e77dae87ebfcd7d94a7218007b277533b031b221		pending	pending	pending	pending	pending	pending	pending	pending	pending review
fig:triangle-landau-convex-hull-criterion	28.3	491	571	8671d9c77082d3cc1699ff2003ea578cd7e79f571d76a270463fca71baecebe3	monograph/tex/build/figure_audit_current/pages/page-0571.png	46902df8eda4138b8e5cbe83e77dae87ebfcd7d94a7218007b277533b031b221		pending	pending	pending	pending	pending	pending	pending	pending	pending review
fig:lehmann-ellipse-nearest-singularity	29.1	495	575	8671d9c77082d3cc1699ff2003ea578cd7e79f571d76a270463fca71baecebe3	monograph/tex/build/figure_audit_current/pages/page-0575.png	35610947076f6edf85009533b79e57cfc901caaf5ce25c05e479156d193aadaf		pending	pending	pending	pending	pending	pending	pending	pending	pending review
fig:watson-elastic-form-factor-cut	29.2	500	580	8671d9c77082d3cc1699ff2003ea578cd7e79f571d76a270463fca71baecebe3	monograph/tex/build/figure_audit_current/pages/page-0580.png	645d3a93afe18e68a5280321aab73fb3ffc0dd8486897add1596f306331018fd		pending	pending	pending	pending	pending	pending	pending	pending	pending review
fig:eikonal-impact-parameter-exponentiation	29.3	504	584	8671d9c77082d3cc1699ff2003ea578cd7e79f571d76a270463fca71baecebe3	monograph/tex/build/figure_audit_current/pages/page-0584.png	a94e2b1c409d6f64652000dc82eae2a8c2507729840a2bc7b347ca82477297a0		pending	pending	pending	pending	pending	pending	pending	pending	pending review
fig:regge-pole-contour	29.4	508	588	8671d9c77082d3cc1699ff2003ea578cd7e79f571d76a270463fca71baecebe3	monograph/tex/build/figure_audit_current/pages/page-0588.png	c4b995be4bde26d97cd9ad898500341c65d3903981c630de6e711520f559b454		pending	pending	pending	pending	pending	pending	pending	pending	pending review
fig:partial-wave-box-profile-lehmann-domain	29.5	516	596	8671d9c77082d3cc1699ff2003ea578cd7e79f571d76a270463fca71baecebe3	monograph/tex/build/figure_audit_current/pages/page-0596.png	00ab5127a354fb2f1c6a0d99e0ffe6360785e71e864759d01e592bbd9bd8d543		pending	pending	pending	pending	pending	pending	pending	pending	pending review
fig:subtracted-fixed-t-cauchy-contour	29.6	527	607	8671d9c77082d3cc1699ff2003ea578cd7e79f571d76a270463fca71baecebe3	monograph/tex/build/figure_audit_current/pages/page-0607.png	0322cc36bd816617442e3c6e0681598b4128a10d8c264cdc9e017c6c54123f28	substantial_color_pixels_check_grayscale_semantics	pending	pending	pending	pending	pending	pending	pending	pending	pending review
fig:volume-ii-source-legendre	30.1	541	621	8671d9c77082d3cc1699ff2003ea578cd7e79f571d76a270463fca71baecebe3	monograph/tex/build/figure_audit_current/pages/page-0621.png	770b1adb55860a3b8154c79f00741373bfc7150977658b45e1b3d4a6a893b83b		pending	pending	pending	pending	pending	pending	pending	pending	pending review
fig:background-field-shifted-cubic-vertices	30.2	544	624	8671d9c77082d3cc1699ff2003ea578cd7e79f571d76a270463fca71baecebe3	monograph/tex/build/figure_audit_current/pages/page-0624.png	31d3a935eb0493c0d165181a53d9e312beef2832ef8dc2cd25bc4dea9f366517		pending	pending	pending	pending	pending	pending	pending	pending	pending review
fig:volume-ii-tadpoles-and-1pi	30.3	544	624	8671d9c77082d3cc1699ff2003ea578cd7e79f571d76a270463fca71baecebe3	monograph/tex/build/figure_audit_current/pages/page-0624.png	31d3a935eb0493c0d165181a53d9e312beef2832ef8dc2cd25bc4dea9f366517		pending	pending	pending	pending	pending	pending	pending	pending	pending review
fig:volume-ii-connected-from-1pi	30.4	550	630	8671d9c77082d3cc1699ff2003ea578cd7e79f571d76a270463fca71baecebe3	monograph/tex/build/figure_audit_current/pages/page-0630.png	e44ca6548b4d228d22652d55aae3a6a298865070974afab3fc450a1ced848fab		pending	pending	pending	pending	pending	pending	pending	pending	pending review
fig:volume-ii-branch-perturbation-condition	30.5	558	638	8671d9c77082d3cc1699ff2003ea578cd7e79f571d76a270463fca71baecebe3	monograph/tex/build/figure_audit_current/pages/page-0638.png	516b530526c56a147e852bbd30b007d6d7fbf08365bfb76c7b0f6178d69d8346	substantial_color_pixels_check_grayscale_semantics	pending	pending	pending	pending	pending	pending	pending	pending	pending review
fig:volume-ii-euclidean-convexity	30.6	559	639	8671d9c77082d3cc1699ff2003ea578cd7e79f571d76a270463fca71baecebe3	monograph/tex/build/figure_audit_current/pages/page-0639.png	b99c3137aa5c1395ad7abb08cccf7ef15ea5463f68ee9805beb2b279a5dc8446	substantial_color_pixels_check_grayscale_semantics	pending	pending	pending	pending	pending	pending	pending	pending	pending review
fig:volume-ii-counterterm-census	31.1	567	647	8671d9c77082d3cc1699ff2003ea578cd7e79f571d76a270463fca71baecebe3	monograph/tex/build/figure_audit_current/pages/page-0647.png	0301ef2a20802086055f806d35e61995eb791513e9eb5bddd565f695f3946001		pending	pending	pending	pending	pending	pending	pending	pending	pending review
fig:volume-ii-six-dimensional-phi-three-one-loop	31.2	571	651	8671d9c77082d3cc1699ff2003ea578cd7e79f571d76a270463fca71baecebe3	monograph/tex/build/figure_audit_current/pages/page-0651.png	d2a67f418e3e3835b3401447b9d4a0af4dc35b3a5c9e2d2fd6c5e2fffe7203b3		pending	pending	pending	pending	pending	pending	pending	pending	pending review
fig:volume-ii-self-energy-insertion-locality	31.3	572	652	8671d9c77082d3cc1699ff2003ea578cd7e79f571d76a270463fca71baecebe3	monograph/tex/build/figure_audit_current/pages/page-0652.png	73c629f505211407a20448830c4e69c3b0ce19dbc1c8e763dd28cc0fdf6f4aa7		pending	pending	pending	pending	pending	pending	pending	pending	pending review
fig:volume-ii-schwinger-subdivergences	31.4	574	654	8671d9c77082d3cc1699ff2003ea578cd7e79f571d76a270463fca71baecebe3	monograph/tex/build/figure_audit_current/pages/page-0654.png	4dbc8d3603f4cf988f2d01a85cde9c6e7cf95a814da99e3abb5edc9362b5be64		pending	pending	pending	pending	pending	pending	pending	pending	pending review
fig:volume-ii-taylor-subgraph-local-vertex	32.1	578	658	8671d9c77082d3cc1699ff2003ea578cd7e79f571d76a270463fca71baecebe3	monograph/tex/build/figure_audit_current/pages/page-0658.png	0a138c288cc04ef96ec7b7f66f78959638b510e8eef9d687d75da0dcf18e6401	substantial_color_pixels_check_grayscale_semantics	pending	pending	pending	pending	pending	pending	pending	pending	pending review
fig:volume-ii-compatible-forests	32.2	578	658	8671d9c77082d3cc1699ff2003ea578cd7e79f571d76a270463fca71baecebe3	monograph/tex/build/figure_audit_current/pages/page-0658.png	0a138c288cc04ef96ec7b7f66f78959638b510e8eef9d687d75da0dcf18e6401	substantial_color_pixels_check_grayscale_semantics	pending	pending	pending	pending	pending	pending	pending	pending	pending review
fig:volume-ii-diamond-forest-formula	32.3	582	662	8671d9c77082d3cc1699ff2003ea578cd7e79f571d76a270463fca71baecebe3	monograph/tex/build/figure_audit_current/pages/page-0662.png	38e2415f399fb441a0a5b0293f02324f7fed378f353d00dff6deea682c037977	substantial_color_pixels_check_grayscale_semantics	pending	pending	pending	pending	pending	pending	pending	pending	pending review
fig:volume-ii-rg-subgraph-reuse	33.1	589	669	8671d9c77082d3cc1699ff2003ea578cd7e79f571d76a270463fca71baecebe3	monograph/tex/build/figure_audit_current/pages/page-0669.png	d58787ccdf81e740a7a43866be036c46608f88f2dace975838eed169b132ab6d		pending	pending	pending	pending	pending	pending	pending	pending	pending review
fig:volume-ii-one-pi-rg-coordinate	33.2	590	670	8671d9c77082d3cc1699ff2003ea578cd7e79f571d76a270463fca71baecebe3	monograph/tex/build/figure_audit_current/pages/page-0670.png	3bd612c45f67e0483ceec69a9b6c368b35af01529dd08dfae92cd06c5ab6b5ae		pending	pending	pending	pending	pending	pending	pending	pending	pending review
fig:volume-ii-phi-four-one-loop-rg	33.3	592	672	8671d9c77082d3cc1699ff2003ea578cd7e79f571d76a270463fca71baecebe3	monograph/tex/build/figure_audit_current/pages/page-0672.png	f10ab7477e7606bda7e89afad80a765e514e59df7c7035a2256ddb16eb7b31cc		pending	pending	pending	pending	pending	pending	pending	pending	pending review
fig:volume-ii-phi-four-landau-scale	33.4	594	674	8671d9c77082d3cc1699ff2003ea578cd7e79f571d76a270463fca71baecebe3	monograph/tex/build/figure_audit_current/pages/page-0674.png	b43a1eb38182cfbf4025d42d62ecc4c2578a5054e09b2de043c3886f8b473ac4		pending	pending	pending	pending	pending	pending	pending	pending	pending review
fig:volume-ii-double-log-consistency	33.5	602	682	8671d9c77082d3cc1699ff2003ea578cd7e79f571d76a270463fca71baecebe3	monograph/tex/build/figure_audit_current/pages/page-0682.png	06b15a43524f475dade52a6149aa8765471f13318792fe2d49a0d74a85e965e8		pending	pending	pending	pending	pending	pending	pending	pending	pending review
fig:volume-ii-scheme-change	33.6	621	701	8671d9c77082d3cc1699ff2003ea578cd7e79f571d76a270463fca71baecebe3	monograph/tex/build/figure_audit_current/pages/page-0701.png	2b00711769026b97dcf341337f45a55e4d9cf8ca032de8e87444e81ebd12f5ca	substantial_color_pixels_check_grayscale_semantics	pending	pending	pending	pending	pending	pending	pending	pending	pending review
fig:volume-ii-operator-mixing-field	34.1	626	706	8671d9c77082d3cc1699ff2003ea578cd7e79f571d76a270463fca71baecebe3	monograph/tex/build/figure_audit_current/pages/page-0706.png	bb68d6947b39167670913ab0232f70ccc7bc839db4776c68ee731bf02a033701		pending	pending	pending	pending	pending	pending	pending	pending	pending review
fig:source-extended-wilsonian-operator-bridge	34.2	628	708	8671d9c77082d3cc1699ff2003ea578cd7e79f571d76a270463fca71baecebe3	monograph/tex/build/figure_audit_current/pages/page-0708.png	6368852bd0120a5c7d38bb34dc82a7a4fb654fa9b1771c63efa46fd29d7f5501		pending	pending	pending	pending	pending	pending	pending	pending	pending review
fig:mass-insertion-source-wilsonian-matching	34.3	630	710	8671d9c77082d3cc1699ff2003ea578cd7e79f571d76a270463fca71baecebe3	monograph/tex/build/figure_audit_current/pages/page-0710.png	c6f1255ea8e4f0de53d7b0fe97f6015720840984a348514cdd3f6ef33f5e24aa		pending	pending	pending	pending	pending	pending	pending	pending	pending review
fig:multi-insertion-contact-source-jets	34.4	635	715	8671d9c77082d3cc1699ff2003ea578cd7e79f571d76a270463fca71baecebe3	monograph/tex/build/figure_audit_current/pages/page-0715.png	d91f6eda9c32b16598ef79a25a597142e73f4c95e82c1c96d24708aa7dc4e469		pending	pending	pending	pending	pending	pending	pending	pending	pending review
fig:volume-ii-ms-coordinate-structure	34.5	638	718	8671d9c77082d3cc1699ff2003ea578cd7e79f571d76a270463fca71baecebe3	monograph/tex/build/figure_audit_current/pages/page-0718.png	09884cee6450ee15fe66b8de3ee454fa6fe1353b12e1d2a06c8e86e813ce174e	substantial_color_pixels_check_grayscale_semantics	pending	pending	pending	pending	pending	pending	pending	pending	pending review
fig:volume-ii-phi-four-ms-pole	34.6	639	719	8671d9c77082d3cc1699ff2003ea578cd7e79f571d76a270463fca71baecebe3	monograph/tex/build/figure_audit_current/pages/page-0719.png	b1863ec237b2f7175e9fd8b857674354013f6a9a0089b25df3c15cfbbd7e5653		pending	pending	pending	pending	pending	pending	pending	pending	pending review
fig:volume-ii-ms-recursion	34.7	643	723	8671d9c77082d3cc1699ff2003ea578cd7e79f571d76a270463fca71baecebe3	monograph/tex/build/figure_audit_current/pages/page-0723.png	23d061388047c92ab2cf56c9ca65c5b76e21664224b7d32f9d04776a32e277dd		pending	pending	pending	pending	pending	pending	pending	pending	pending review
fig:volume-ii-local-translation-stress-tensor	35.1	645	725	8671d9c77082d3cc1699ff2003ea578cd7e79f571d76a270463fca71baecebe3	monograph/tex/build/figure_audit_current/pages/page-0725.png	c13aa75a11df096f57f665dea18250a6f974be712700876d2daf1fb3e721c76d		pending	pending	pending	pending	pending	pending	pending	pending	pending review
fig:volume-ii-scale-trace-engineering	35.2	648	728	8671d9c77082d3cc1699ff2003ea578cd7e79f571d76a270463fca71baecebe3	monograph/tex/build/figure_audit_current/pages/page-0728.png	386e56ef4e9dc0ece226f901a390cf1793fc52cd4100c62fb9d0779a54544a81		pending	pending	pending	pending	pending	pending	pending	pending	pending review
fig:volume-ii-renormalized-trace-identity	35.3	652	732	8671d9c77082d3cc1699ff2003ea578cd7e79f571d76a270463fca71baecebe3	monograph/tex/build/figure_audit_current/pages/page-0732.png	a4cd7f25e06e19fd542c17c0736bdc999ba6edad433bbdd46e8b268c318a67af		pending	pending	pending	pending	pending	pending	pending	pending	pending review
fig:volume-ii-conformal-killing-currents	35.4	653	733	8671d9c77082d3cc1699ff2003ea578cd7e79f571d76a270463fca71baecebe3	monograph/tex/build/figure_audit_current/pages/page-0733.png	4dd00b2d7c3117acc3b33e5472952986d640768149edc06472bfe6cbc9434cb5		pending	pending	pending	pending	pending	pending	pending	pending	pending review
fig:volume-ii-virial-improvement	35.5	658	738	8671d9c77082d3cc1699ff2003ea578cd7e79f571d76a270463fca71baecebe3	monograph/tex/build/figure_audit_current/pages/page-0738.png	fb107fb2015abea194a33d54b383299da3a20440c93c27db9287b22d064aaf24	substantial_color_pixels_check_grayscale_semantics	pending	pending	pending	pending	pending	pending	pending	pending	pending review
fig:wilsonian-smooth-cutoff	36.1	660	740	8671d9c77082d3cc1699ff2003ea578cd7e79f571d76a270463fca71baecebe3	monograph/tex/build/figure_audit_current/pages/page-0740.png	14b1425416471829d7bbe13bfb1a8e02c6830df5bd41843a66ae79d79662e22b		pending	pending	pending	pending	pending	pending	pending	pending	pending review
fig:propagator-split-shell-integration	36.2	663	743	8671d9c77082d3cc1699ff2003ea578cd7e79f571d76a270463fca71baecebe3	monograph/tex/build/figure_audit_current/pages/page-0743.png	70145b41535e7d22c0fcf0984440d61600f4ca865463dc67835e0d8769589b11		pending	pending	pending	pending	pending	pending	pending	pending	pending review
fig:wilson-polchinski-diagrams	36.3	665	745	8671d9c77082d3cc1699ff2003ea578cd7e79f571d76a270463fca71baecebe3	monograph/tex/build/figure_audit_current/pages/page-0745.png	d876148762fde36c1e5ff971f6f6d29966401572794a058ee958258857a69298		pending	pending	pending	pending	pending	pending	pending	pending	pending review
fig:wilsonian-vs-effective-average-action	36.4	668	748	8671d9c77082d3cc1699ff2003ea578cd7e79f571d76a270463fca71baecebe3	monograph/tex/build/figure_audit_current/pages/page-0748.png	994c8bb20cd4f32653b4d1492c5f4531978a2819fd72d7b4fa48f5beeac8544d		pending	pending	pending	pending	pending	pending	pending	pending	pending review
fig:quartic-sextic-ir-flow	36.5	674	754	8671d9c77082d3cc1699ff2003ea578cd7e79f571d76a270463fca71baecebe3	monograph/tex/build/figure_audit_current/pages/page-0754.png	198295c04b91afc1912f30f11b2f2e173419eeea0a688150154df4ce059b6ffd	substantial_color_pixels_check_grayscale_semantics	pending	pending	pending	pending	pending	pending	pending	pending	pending review
fig:continuum-limit-wilsonian	36.6	676	756	8671d9c77082d3cc1699ff2003ea578cd7e79f571d76a270463fca71baecebe3	monograph/tex/build/figure_audit_current/pages/page-0756.png	eebf92d909d414129fd80547715dcc3e2609b8acc4e46dc5d8496e003fa9dc5a	substantial_color_pixels_check_grayscale_semantics	pending	pending	pending	pending	pending	pending	pending	pending	pending review
fig:finite-coordinate-cutoff-removal-estimate	36.7	680	760	8671d9c77082d3cc1699ff2003ea578cd7e79f571d76a270463fca71baecebe3	monograph/tex/build/figure_audit_current/pages/page-0760.png	7819127fcc2eadd70bab37e431f9f2877ee9b49f6e73f5e84687b2ff14593ba9		pending	pending	pending	pending	pending	pending	pending	pending	pending review
fig:bphz-wilsonian-one-pi-bridge	36.8	684	764	8671d9c77082d3cc1699ff2003ea578cd7e79f571d76a270463fca71baecebe3	monograph/tex/build/figure_audit_current/pages/page-0764.png	9c6a21ba28657b7001b1b418803af6da22dbea72117463aad774fcedf701e702		pending	pending	pending	pending	pending	pending	pending	pending	pending review
fig:quartic-one-loop-bphz-wilsonian-matching	36.9	693	773	8671d9c77082d3cc1699ff2003ea578cd7e79f571d76a270463fca71baecebe3	monograph/tex/build/figure_audit_current/pages/page-0773.png	45821ba418b640dd797319373bb332e2654d1faf9f3d9477eb5784b43bc1da31		pending	pending	pending	pending	pending	pending	pending	pending	pending review
fig:volume-ii-wilson-fisher-flow	37.1	700	780	8671d9c77082d3cc1699ff2003ea578cd7e79f571d76a270463fca71baecebe3	monograph/tex/build/figure_audit_current/pages/page-0780.png	f2ee7b8ae2f7c81fb8818e46087fdb7e9a274cab1db36976750c65efdee2affe		pending	pending	pending	pending	pending	pending	pending	pending	pending review
fig:volume-ii-bare-versus-renormalized-coupling	37.2	701	781	8671d9c77082d3cc1699ff2003ea578cd7e79f571d76a270463fca71baecebe3	monograph/tex/build/figure_audit_current/pages/page-0781.png	cd55475edfdb53b59c007345967d12516822e644740879ff530554dee1ecd9e8		pending	pending	pending	pending	pending	pending	pending	pending	pending review
fig:volume-ii-phi-two-renormalization	37.3	704	784	8671d9c77082d3cc1699ff2003ea578cd7e79f571d76a270463fca71baecebe3	monograph/tex/build/figure_audit_current/pages/page-0784.png	7c2dce092dde725a2a0a9f18eafb4da6f3b4c554ae65225d48404193784fc5e9		pending	pending	pending	pending	pending	pending	pending	pending	pending review
fig:volume-ii-wilson-fisher-critical-surface	37.4	710	790	8671d9c77082d3cc1699ff2003ea578cd7e79f571d76a270463fca71baecebe3	monograph/tex/build/figure_audit_current/pages/page-0790.png	ebd235f9d7ede1d13e166a17c5d5cb3c4bf449611e6817cc500b0b2476aabd9c	substantial_color_pixels_check_grayscale_semantics	pending	pending	pending	pending	pending	pending	pending	pending	pending review
fig:volume-ii-phi-two-correlator-scaling	37.5	711	791	8671d9c77082d3cc1699ff2003ea578cd7e79f571d76a270463fca71baecebe3	monograph/tex/build/figure_audit_current/pages/page-0791.png	a16a5d1fcb7a0ad9109219948eea3777d87d8e8cd2ad5fc524dd63ed81433e33		pending	pending	pending	pending	pending	pending	pending	pending	pending review
fig:volume-ii-wilson-fisher-operator-spectrum	37.6	713	793	8671d9c77082d3cc1699ff2003ea578cd7e79f571d76a270463fca71baecebe3	monograph/tex/build/figure_audit_current/pages/page-0793.png	554967c166dd01c6c9bff0c4222644083580d3b615e81ec070af558beff31489		pending	pending	pending	pending	pending	pending	pending	pending	pending review
fig:volume-ii-ising-ensemble	38.1	725	805	8671d9c77082d3cc1699ff2003ea578cd7e79f571d76a270463fca71baecebe3	monograph/tex/build/figure_audit_current/pages/page-0805.png	9f654e9c9e0d068f07349b48d75bb22d381442d85392716e5caf90440a948b3a		pending	pending	pending	pending	pending	pending	pending	pending	pending review
fig:volume-ii-ising-correlator-regimes	38.2	730	810	8671d9c77082d3cc1699ff2003ea578cd7e79f571d76a270463fca71baecebe3	monograph/tex/build/figure_audit_current/pages/page-0810.png	b681e7fb623139ccad1934a433edff313e1b1b030774219da63f947bc6bb33a8	substantial_color_pixels_check_grayscale_semantics	pending	pending	pending	pending	pending	pending	pending	pending	pending review
fig:volume-ii-ising-scaling-limit	38.3	734	814	8671d9c77082d3cc1699ff2003ea578cd7e79f571d76a270463fca71baecebe3	monograph/tex/build/figure_audit_current/pages/page-0814.png	8abec9b3c0d70b9f1bd6160e8ff6c3b83733adad9b7be36ea9afb2a155ab00dc		pending	pending	pending	pending	pending	pending	pending	pending	pending review
fig:volume-ii-ising-lattice-scalar	38.4	739	819	8671d9c77082d3cc1699ff2003ea578cd7e79f571d76a270463fca71baecebe3	monograph/tex/build/figure_audit_current/pages/page-0819.png	de37642284fa53b153a1d0cab0b48361d83c71307f7d3e89c46facd06eca0100		pending	pending	pending	pending	pending	pending	pending	pending	pending review
fig:volume-ii-ising-universality-rg	38.5	741	821	8671d9c77082d3cc1699ff2003ea578cd7e79f571d76a270463fca71baecebe3	monograph/tex/build/figure_audit_current/pages/page-0821.png	402bfa9df117c6f6bc7c3cc04175adaafaf0eb4426b12cfc9113f8388f1065cd		pending	pending	pending	pending	pending	pending	pending	pending	pending review
fig:four-fermion-direct-exchange-vertex	40.1	777	857	8671d9c77082d3cc1699ff2003ea578cd7e79f571d76a270463fca71baecebe3	monograph/tex/build/figure_audit_current/pages/page-0857.png	7c41362b63219d6671b4e977d55d3d5e14a9b5c4900a3f4de6d7ed658aa4b213		pending	pending	pending	pending	pending	pending	pending	pending	pending review
fig:weinberg-leading-soft-ward-identity	44.1	827	907	8671d9c77082d3cc1699ff2003ea578cd7e79f571d76a270463fca71baecebe3	monograph/tex/build/figure_audit_current/pages/page-0907.png	3addb70ee541a06da73ccd4aa15f0ab7f5d713b5183a803f2835a331b3c7488f		pending	pending	pending	pending	pending	pending	pending	pending	pending review
fig:volume-ii-soft-factorization	44.2	830	910	8671d9c77082d3cc1699ff2003ea578cd7e79f571d76a270463fca71baecebe3	monograph/tex/build/figure_audit_current/pages/page-0910.png	806f18788efd41d38b5e86b5b6b329792409b341b8169e3af456a3d6487676dc		pending	pending	pending	pending	pending	pending	pending	pending	pending review
fig:volume-ii-same-line-ir-cancellation	44.3	833	913	8671d9c77082d3cc1699ff2003ea578cd7e79f571d76a270463fca71baecebe3	monograph/tex/build/figure_audit_current/pages/page-0913.png	902fcc052087d318bbb8c1fe1b6e205ae62e168469118796781e147032887e0b		pending	pending	pending	pending	pending	pending	pending	pending	pending review
fig:volume-ii-bloch-nordsieck-cancellation	44.4	834	914	8671d9c77082d3cc1699ff2003ea578cd7e79f571d76a270463fca71baecebe3	monograph/tex/build/figure_audit_current/pages/page-0914.png	fde7d7572dc32c6cadd0646468cfb971c6e6f698ceccbb223139f2719ebe51cd		pending	pending	pending	pending	pending	pending	pending	pending	pending review
fig:volume-ii-abelian-higgs-ir-regulator	44.5	843	923	8671d9c77082d3cc1699ff2003ea578cd7e79f571d76a270463fca71baecebe3	monograph/tex/build/figure_audit_current/pages/page-0923.png	5f048bf4a0c14677f4267a49a28daff1aa099541938a709b8d8937fce378f698	substantial_color_pixels_check_grayscale_semantics	pending	pending	pending	pending	pending	pending	pending	pending	pending review
fig:ym-index-and-infinitesimal-data	45.1	845	925	8671d9c77082d3cc1699ff2003ea578cd7e79f571d76a270463fca71baecebe3	monograph/tex/build/figure_audit_current/pages/page-0925.png	e082755b9f87ee4cfa33c801672c26c1c722c7286ca8a1965bce364bf0255389		pending	pending	pending	pending	pending	pending	pending	pending	pending review
fig:ym-curvature-action-chain	45.2	847	927	8671d9c77082d3cc1699ff2003ea578cd7e79f571d76a270463fca71baecebe3	monograph/tex/build/figure_audit_current/pages/page-0927.png	167a8d2de4be99cefad831ff0cdbd29fbbfc9f43846744159b0f99e8c3be52b8		pending	pending	pending	pending	pending	pending	pending	pending	pending review
fig:ym-su-n-representation-data	45.3	854	934	8671d9c77082d3cc1699ff2003ea578cd7e79f571d76a270463fca71baecebe3	monograph/tex/build/figure_audit_current/pages/page-0934.png	51b22a0a7e135f54813535d29a5180cd7072e150d225e3b62d247ae51b773d9a		pending	pending	pending	pending	pending	pending	pending	pending	pending review
fig:ym-matter-representation-covariance	45.4	855	935	8671d9c77082d3cc1699ff2003ea578cd7e79f571d76a270463fca71baecebe3	monograph/tex/build/figure_audit_current/pages/page-0935.png	dc173e2d13e34fae34dde1c804476fbb7d48b944e100bfcfb8d0fc7461fc4b59		pending	pending	pending	pending	pending	pending	pending	pending	pending review
fig:abelian-beh-mode-accounting	45.5	857	937	8671d9c77082d3cc1699ff2003ea578cd7e79f571d76a270463fca71baecebe3	monograph/tex/build/figure_audit_current/pages/page-0937.png	649446516b7450aa55f516d155c7439d1e255157695dbe8cf51e5aec95ed55db		pending	pending	pending	pending	pending	pending	pending	pending	pending review
fig:gauge-higgs-monopole-boundary-map	45.6	861	941	8671d9c77082d3cc1699ff2003ea578cd7e79f571d76a270463fca71baecebe3	monograph/tex/build/figure_audit_current/pages/page-0941.png	57df9e789b8c47ba9ed3b54bb0d6142634e8d9444e5ab39d3299f8cb14f50648		pending	pending	pending	pending	pending	pending	pending	pending	pending review
fig:bogomolny-bound-structure	45.7	864	944	8671d9c77082d3cc1699ff2003ea578cd7e79f571d76a270463fca71baecebe3	monograph/tex/build/figure_audit_current/pages/page-0944.png	06eadd0b98f7e42a2f55af3ff1214838656432dcb4ca513875895b1151219387	substantial_color_pixels_check_grayscale_semantics	pending	pending	pending	pending	pending	pending	pending	pending	pending review
fig:qcd-chiral-mass-data	45.8	873	953	8671d9c77082d3cc1699ff2003ea578cd7e79f571d76a270463fca71baecebe3	monograph/tex/build/figure_audit_current/pages/page-0953.png	a2e817052dad94821ab91bb77e834ea6b12f4d30383b651e655e24748a8f2ef3		pending	pending	pending	pending	pending	pending	pending	pending	pending review
fig:lattice-plaquette-gauge-covariance	46.1	875	955	8671d9c77082d3cc1699ff2003ea578cd7e79f571d76a270463fca71baecebe3	monograph/tex/build/figure_audit_current/pages/page-0955.png	608cb63b612fa4a89f1d1e81df6d81b978c90f4c7550263f3da696a718e75e4d		pending	pending	pending	pending	pending	pending	pending	pending	pending review
fig:lattice-center-polyakov-loop	46.2	880	960	8671d9c77082d3cc1699ff2003ea578cd7e79f571d76a270463fca71baecebe3	monograph/tex/build/figure_audit_current/pages/page-0960.png	845b70111011882da84a2b3b9a5d3ad28d6c977896ea6f61792fc0497bbb835c		pending	pending	pending	pending	pending	pending	pending	pending	pending review
fig:lattice-fermion-doubling	46.3	887	967	8671d9c77082d3cc1699ff2003ea578cd7e79f571d76a270463fca71baecebe3	monograph/tex/build/figure_audit_current/pages/page-0967.png	08b21eae06e67bce3ee23dbdf087bcae1fa2eab9284fc0266a9be989d542379e		pending	pending	pending	pending	pending	pending	pending	pending	pending review
fig:fp-gauge-slice	47.1	892	972	8671d9c77082d3cc1699ff2003ea578cd7e79f571d76a270463fca71baecebe3	monograph/tex/build/figure_audit_current/pages/page-0972.png	0418b342a3c1727720168d5b0530f614e22edf0e4f88a97ddabb3676821be913	substantial_color_pixels_check_grayscale_semantics	pending	pending	pending	pending	pending	pending	pending	pending	pending review
fig:gribov-region-fundamental-domain	47.2	898	978	8671d9c77082d3cc1699ff2003ea578cd7e79f571d76a270463fca71baecebe3	monograph/tex/build/figure_audit_current/pages/page-0978.png	f073d4025d65a24959f8508343efb9aa25b558d86f8005209f81711ba1e772b1		pending	pending	pending	pending	pending	pending	pending	pending	pending review
fig:bv-field-antifield-master-map	48.1	931	1011	8671d9c77082d3cc1699ff2003ea578cd7e79f571d76a270463fca71baecebe3	monograph/tex/build/figure_audit_current/pages/page-1011.png	cd6bc99c001415d3fb900da910d2a0169696688daf08dbafaad5f8a1d56e4d5d		pending	pending	pending	pending	pending	pending	pending	pending	pending review
fig:qcd-ordinary-covariant-gauge-rules	49.1	949	1029	8671d9c77082d3cc1699ff2003ea578cd7e79f571d76a270463fca71baecebe3	monograph/tex/build/figure_audit_current/pages/page-1029.png	8353e6ec4e25fc7b56bece10a188c5eb07059d1e1c4e0205ca70169c6b29f456		pending	pending	pending	pending	pending	pending	pending	pending	pending review
fig:qcd-background-field-beta	49.2	951	1031	8671d9c77082d3cc1699ff2003ea578cd7e79f571d76a270463fca71baecebe3	monograph/tex/build/figure_audit_current/pages/page-1031.png	1259acf557a6eef098939e5c8b9e64a8745e6a6e9c3a73080c814cad3677a1e4		pending	pending	pending	pending	pending	pending	pending	pending	pending review
fig:qcd-constant-background-box	49.3	952	1032	8671d9c77082d3cc1699ff2003ea578cd7e79f571d76a270463fca71baecebe3	monograph/tex/build/figure_audit_current/pages/page-1032.png	238ec054e6c3aa73c1e74d7756d9b8a99ed5cd152e0c9d535eb7de0eb7ee9ada		pending	pending	pending	pending	pending	pending	pending	pending	pending review
fig:qcd-banks-zaks-beta-shapes	49.4	960	1040	8671d9c77082d3cc1699ff2003ea578cd7e79f571d76a270463fca71baecebe3	monograph/tex/build/figure_audit_current/pages/page-1040.png	4ce4dec486602ed28dfe76cef6cb6d3e0219f6d8c54758fa1e6e994511ca873b		pending	pending	pending	pending	pending	pending	pending	pending	pending review
fig:qcd-wilson-line-loop	49.5	961	1041	8671d9c77082d3cc1699ff2003ea578cd7e79f571d76a270463fca71baecebe3	monograph/tex/build/figure_audit_current/pages/page-1041.png	04cc2606aaaa9d37757a2472881a48d6d7c5eb7651ebdb0fabd9f6ab87fd8aa3	substantial_color_pixels_check_grayscale_semantics	pending	pending	pending	pending	pending	pending	pending	pending	pending review
fig:qcd-large-n-double-line-topology	49.6	962	1042	8671d9c77082d3cc1699ff2003ea578cd7e79f571d76a270463fca71baecebe3	monograph/tex/build/figure_audit_current/pages/page-1042.png	a35945dcf022c41f2e23d7d8c9293244dd418a3153eaac8163e799cc683a75d3		pending	pending	pending	pending	pending	pending	pending	pending	pending review
fig:qcd-string-flux-tube-worldsheet	49.7	974	1054	8671d9c77082d3cc1699ff2003ea578cd7e79f571d76a270463fca71baecebe3	monograph/tex/build/figure_audit_current/pages/page-1054.png	7f623604958cb302c314bfa7d70d8566d482e084ac5e99d565ec08d792c2641f		pending	pending	pending	pending	pending	pending	pending	pending	pending review
fig:qcd-string-baryonic-y-network	49.8	984	1064	8671d9c77082d3cc1699ff2003ea578cd7e79f571d76a270463fca71baecebe3	monograph/tex/build/figure_audit_current/pages/page-1064.png	711090d9ee41834eb41d3e879565a16455edb8d01d0978648999d1d10ff5dc37		pending	pending	pending	pending	pending	pending	pending	pending	pending review
fig:qcd-dis-inclusive-kinematics	49.9	1059	1139	8671d9c77082d3cc1699ff2003ea578cd7e79f571d76a270463fca71baecebe3	monograph/tex/build/figure_audit_current/pages/page-1139.png	6bada6ab929a4f8f8fd48a5f1548e5b04bc10b57bcef8138b33c3685bf7384f8		pending	pending	pending	pending	pending	pending	pending	pending	pending review
fig:qcd-dis-ope-light-ray-factorization	49.10	1067	1147	8671d9c77082d3cc1699ff2003ea578cd7e79f571d76a270463fca71baecebe3	monograph/tex/build/figure_audit_current/pages/page-1147.png	2ba88647d4c8dffa124f84469763b4f34c5e6a74427f93c654d6f16ba646e4dd		pending	pending	pending	pending	pending	pending	pending	pending	pending review
fig:jets-measurement-irc-flow	50.1	1104	1184	8671d9c77082d3cc1699ff2003ea578cd7e79f571d76a270463fca71baecebe3	monograph/tex/build/figure_audit_current/pages/page-1184.png	683a12ee7a27a09d8d6af60df96b12ff9c04a2c7b76a2c5be210b8ddb277963e		pending	pending	pending	pending	pending	pending	pending	pending	pending review
fig:two-dimensional-axial-vector-loop	51.1	1137	1217	8671d9c77082d3cc1699ff2003ea578cd7e79f571d76a270463fca71baecebe3	monograph/tex/build/figure_audit_current/pages/page-1217.png	36270337d2d33be32cb0154b5148d8281dc741dab8d8b41f1af2379b186e9818		pending	pending	pending	pending	pending	pending	pending	pending	pending review
fig:conserved-contour-charge-deformation	51.2	1139	1219	8671d9c77082d3cc1699ff2003ea578cd7e79f571d76a270463fca71baecebe3	monograph/tex/build/figure_audit_current/pages/page-1219.png	25522d0b0577bda44d5cdaacf7e983a25a02ac3d2ad59191ed6209816f652f68		pending	pending	pending	pending	pending	pending	pending	pending	pending review
fig:anomalous-contour-charge-deformation	51.3	1139	1219	8671d9c77082d3cc1699ff2003ea578cd7e79f571d76a270463fca71baecebe3	monograph/tex/build/figure_audit_current/pages/page-1219.png	25522d0b0577bda44d5cdaacf7e983a25a02ac3d2ad59191ed6209816f652f68		pending	pending	pending	pending	pending	pending	pending	pending	pending review
fig:four-dimensional-axial-vector-vector-triangle	51.4	1140	1220	8671d9c77082d3cc1699ff2003ea578cd7e79f571d76a270463fca71baecebe3	monograph/tex/build/figure_audit_current/pages/page-1220.png	fe5620e232ee0e3544ff874580dfd25cb47839d45597ae95a13f6d4bda3fc6c5		pending	pending	pending	pending	pending	pending	pending	pending	pending review
fig:bpst-instanton-data	51.5	1171	1251	8671d9c77082d3cc1699ff2003ea578cd7e79f571d76a270463fca71baecebe3	monograph/tex/build/figure_audit_current/pages/page-1251.png	284aa85c39e0a744d27589316512d89f0abd363af05e338861788e58f7885200	substantial_color_pixels_check_grayscale_semantics	pending	pending	pending	pending	pending	pending	pending	pending	pending review
fig:schwinger-model-exact-solution	52.1	1238	1318	8671d9c77082d3cc1699ff2003ea578cd7e79f571d76a270463fca71baecebe3	monograph/tex/build/figure_audit_current/pages/page-1318.png	0110a47a0f355e7af03de7289a3fd4590700808565cfda250db840edb03089f8		pending	pending	pending	pending	pending	pending	pending	pending	pending review
fig:anomaly-matching-backgrounds	55.1	1290	1370	8671d9c77082d3cc1699ff2003ea578cd7e79f571d76a270463fca71baecebe3	monograph/tex/build/figure_audit_current/pages/page-1370.png	4427930eacfe20e8177cade00da91e155909b53ea7385149fb384cf808f9d7c3		pending	pending	pending	pending	pending	pending	pending	pending	pending review
fig:double-well-finite-volume	55.2	1296	1376	8671d9c77082d3cc1699ff2003ea578cd7e79f571d76a270463fca71baecebe3	monograph/tex/build/figure_audit_current/pages/page-1376.png	501583c8f8b35a00043e0b8055e2e9ac49c98321abd03da6efc184e9e44aceb4		pending	pending	pending	pending	pending	pending	pending	pending	pending review
fig:u1-goldstone-vacuum-circle	55.3	1300	1380	8671d9c77082d3cc1699ff2003ea578cd7e79f571d76a270463fca71baecebe3	monograph/tex/build/figure_audit_current/pages/page-1380.png	cc29a85b0341f48eafc2a6222893de7b55e29ff2f2b332dad3c02029b21ad875		pending	pending	pending	pending	pending	pending	pending	pending	pending review
fig:soft-pion-ward-adler-zero	55.4	1312	1392	8671d9c77082d3cc1699ff2003ea578cd7e79f571d76a270463fca71baecebe3	monograph/tex/build/figure_audit_current/pages/page-1392.png	e87241faf9d88f5879f23c9b43f9e56fcc26cdf52389b4431c5334de837ddce6		pending	pending	pending	pending	pending	pending	pending	pending	pending review
fig:pion-scattering-leading-next	55.5	1315	1395	8671d9c77082d3cc1699ff2003ea578cd7e79f571d76a270463fca71baecebe3	monograph/tex/build/figure_audit_current/pages/page-1395.png	ec701be03da281ed9f35849991def5d303a25a6481bd0e1f887a4be05212a4b7		pending	pending	pending	pending	pending	pending	pending	pending	pending review
fig:wzw-five-dimensional-filling	55.6	1320	1400	8671d9c77082d3cc1699ff2003ea578cd7e79f571d76a270463fca71baecebe3	monograph/tex/build/figure_audit_current/pages/page-1400.png	90911fddc1d16274453259a0faf93205a42dcefe179365ec2eb260e8512a93ba		pending	pending	pending	pending	pending	pending	pending	pending	pending review
fig:em-axial-flavor-triangle	55.7	1324	1404	8671d9c77082d3cc1699ff2003ea578cd7e79f571d76a270463fca71baecebe3	monograph/tex/build/figure_audit_current/pages/page-1404.png	923c35da659a9570a7d81b844de8b53dbbf22a26ed69312f5977d0086779ac25		pending	pending	pending	pending	pending	pending	pending	pending	pending review
fig:pi-zero-two-photon-decay	55.8	1325	1405	8671d9c77082d3cc1699ff2003ea578cd7e79f571d76a270463fca71baecebe3	monograph/tex/build/figure_audit_current/pages/page-1405.png	6bdfa99bffc7b6c770c609b93a9df1a0e72de0f0295c3933e18ef5fb92eabb3a		pending	pending	pending	pending	pending	pending	pending	pending	pending review
fig:cft-opening-ising-source-figures	56.1	1342	1422	8671d9c77082d3cc1699ff2003ea578cd7e79f571d76a270463fca71baecebe3	monograph/tex/build/figure_audit_current/pages/page-1422.png	1be34ef2e6cdcb2d91f504d5ecaa877daae77448c2193890f206ecf09e8efe14	substantial_color_pixels_check_grayscale_semantics	pending	pending	pending	pending	pending	pending	pending	pending	pending review
fig:cft-opening-ising-scalar-cutoff	56.2	1346	1426	8671d9c77082d3cc1699ff2003ea578cd7e79f571d76a270463fca71baecebe3	monograph/tex/build/figure_audit_current/pages/page-1426.png	f8bbf36df320ecbeb604fcf8f8dbfe87d6323d1e889e824803b1d6365520b50a		pending	pending	pending	pending	pending	pending	pending	pending	pending review
fig:conformal-charge-spacelike-slice	57.1	1348	1428	8671d9c77082d3cc1699ff2003ea578cd7e79f571d76a270463fca71baecebe3	monograph/tex/build/figure_audit_current/pages/page-1428.png	be9097b5ed84f865875acea0a6437d59379f55c706ef5f10a3c30f275bd8aaae		pending	pending	pending	pending	pending	pending	pending	pending	pending review
fig:ckv-data-to-charge	57.2	1350	1430	8671d9c77082d3cc1699ff2003ea578cd7e79f571d76a270463fca71baecebe3	monograph/tex/build/figure_audit_current/pages/page-1430.png	8f287d29479bec3bbb5509d893802dc14781ce03c0d780a5c1620ff749bf21fd		pending	pending	pending	pending	pending	pending	pending	pending	pending review
fig:euclidean-inversion-unit-sphere	57.3	1353	1433	8671d9c77082d3cc1699ff2003ea578cd7e79f571d76a270463fca71baecebe3	monograph/tex/build/figure_audit_current/pages/page-1433.png	c7f43b735f0ab81fc6e126301c60830a4b72a2f6b7a08b85d0364d31796eeec3		pending	pending	pending	pending	pending	pending	pending	pending	pending review
fig:stress-improvement-curvature	58.1	1375	1455	8671d9c77082d3cc1699ff2003ea578cd7e79f571d76a270463fca71baecebe3	monograph/tex/build/figure_audit_current/pages/page-1455.png	22c2f6583fbe1eb7868f75fffdc6e46f7d4dfc4e1d12915c92df62fdc991e586		pending	pending	pending	pending	pending	pending	pending	pending	pending review
fig:cft-wightman-time-euclidean-contours	59.1	1380	1460	8671d9c77082d3cc1699ff2003ea578cd7e79f571d76a270463fca71baecebe3	monograph/tex/build/figure_audit_current/pages/page-1460.png	31e9ef1839d263f51fa91761ca13324bb5b8c6b8da860ba0c432646ed58c4664		pending	pending	pending	pending	pending	pending	pending	pending	pending review
fig:radial-cylinder-map	59.2	1381	1461	8671d9c77082d3cc1699ff2003ea578cd7e79f571d76a270463fca71baecebe3	monograph/tex/build/figure_audit_current/pages/page-1461.png	54ddd2f770c3769b1ca65da2ad1e84afd3aacac62289aebf09ab866111a713f8	substantial_color_pixels_check_grayscale_semantics	pending	pending	pending	pending	pending	pending	pending	pending	pending review
fig:state-from-origin-cylinder	59.3	1390	1470	8671d9c77082d3cc1699ff2003ea578cd7e79f571d76a270463fca71baecebe3	monograph/tex/build/figure_audit_current/pages/page-1470.png	ef056dcfa8343b8c377759454f4b8c488eddba3565041b6f09325245b526e18f	substantial_color_pixels_check_grayscale_semantics	pending	pending	pending	pending	pending	pending	pending	pending	pending review
fig:primary-descendant-multiplet	59.4	1392	1472	8671d9c77082d3cc1699ff2003ea578cd7e79f571d76a270463fca71baecebe3	monograph/tex/build/figure_audit_current/pages/page-1472.png	1386f5facef82b14017e8227b053de64c92788a51f69d274305e7dcbfd05147c		pending	pending	pending	pending	pending	pending	pending	pending	pending review
fig:charge-commutator-slices	60.1	1403	1483	8671d9c77082d3cc1699ff2003ea578cd7e79f571d76a270463fca71baecebe3	monograph/tex/build/figure_audit_current/pages/page-1483.png	e49d4ba0867fcdef6d9d5bb2ab8b093c6b9472b902cd51665b2e75bb5ff7894c		pending	pending	pending	pending	pending	pending	pending	pending	pending review
fig:ward-surface-deformation	60.2	1404	1484	8671d9c77082d3cc1699ff2003ea578cd7e79f571d76a270463fca71baecebe3	monograph/tex/build/figure_audit_current/pages/page-1484.png	62b0989cf66563a41e2e2a2e29d7499b70d26d8351ca15f51fbd2e3a7959598d		pending	pending	pending	pending	pending	pending	pending	pending	pending review
fig:two-point-cylinder-inner-product	63.1	1434	1514	8671d9c77082d3cc1699ff2003ea578cd7e79f571d76a270463fca71baecebe3	monograph/tex/build/figure_audit_current/pages/page-1514.png	040e701064c036fcf9786f8d9aef0e93c222aab64d1e927fc8aa3a29d86f7ec5		pending	pending	pending	pending	pending	pending	pending	pending	pending review
fig:stress-tensor-three-point-ward	63.2	1439	1519	8671d9c77082d3cc1699ff2003ea578cd7e79f571d76a270463fca71baecebe3	monograph/tex/build/figure_audit_current/pages/page-1519.png	d037a69b760f0b65cc49b81bb732237cdd2182cfb631feb64dcf851a1830289a		pending	pending	pending	pending	pending	pending	pending	pending	pending review
fig:four-point-conformal-frame	63.3	1442	1522	8671d9c77082d3cc1699ff2003ea578cd7e79f571d76a270463fca71baecebe3	monograph/tex/build/figure_audit_current/pages/page-1522.png	24b759b30e688801b732ac384fba32533c5306aeaa594a5553e8f22e97983afd		pending	pending	pending	pending	pending	pending	pending	pending	pending review
fig:ope-radial-expansion	64.1	1447	1527	8671d9c77082d3cc1699ff2003ea578cd7e79f571d76a270463fca71baecebe3	monograph/tex/build/figure_audit_current/pages/page-1527.png	6da1809fa12ff5ea84ebef587f48d2377a85bd87c133c0733b0461ecd498289a	substantial_color_pixels_check_grayscale_semantics	pending	pending	pending	pending	pending	pending	pending	pending	pending review
fig:ope-crossing-trees	64.2	1453	1533	8671d9c77082d3cc1699ff2003ea578cd7e79f571d76a270463fca71baecebe3	monograph/tex/build/figure_audit_current/pages/page-1533.png	181fd4be953153e001e2b3b0aece8a8519a04860c98ab795cbf293dc2f6f2d89		pending	pending	pending	pending	pending	pending	pending	pending	pending review
fig:rho-cylinder-frame	64.3	1462	1542	8671d9c77082d3cc1699ff2003ea578cd7e79f571d76a270463fca71baecebe3	monograph/tex/build/figure_audit_current/pages/page-1542.png	8958ecba728bf68211a2f8507d98e7c463e9aaa56f07dbacfa8c1121d52e47c8		pending	pending	pending	pending	pending	pending	pending	pending	pending review
fig:tqft-collar-gluing	103.1	2212	2292	8671d9c77082d3cc1699ff2003ea578cd7e79f571d76a270463fca71baecebe3	monograph/tex/build/figure_audit_current/pages/page-2292.png	ac729985f7553da28457dcd48a918dba4398eb72a23323fa704ef0eb0dd0c99a		pending	pending	pending	pending	pending	pending	pending	pending	pending review
fig:tqft-frobenius-generators	103.2	2217	2297	8671d9c77082d3cc1699ff2003ea578cd7e79f571d76a270463fca71baecebe3	monograph/tex/build/figure_audit_current/pages/page-2297.png	b2815b7c8dc513c4f53740b32574b7a6728a0494fbf9d027ec7b8ec8ca3ad7fb		pending	pending	pending	pending	pending	pending	pending	pending	pending review
fig:finite-gauge-gluing-span	112.1	2320	2400	8671d9c77082d3cc1699ff2003ea578cd7e79f571d76a270463fca71baecebe3	monograph/tex/build/figure_audit_current/pages/page-2400.png	f65083a580230e49164fa76f24f94bdec9fd4b53d4bf562f2166fe02baf78644		pending	pending	pending	pending	pending	pending	pending	pending	pending review
fig:su5-line-charge-lattice	113.1	2339	2419	8671d9c77082d3cc1699ff2003ea578cd7e79f571d76a270463fca71baecebe3	monograph/tex/build/figure_audit_current/pages/page-2419.png	b25710998112c84f5fd703439e76f4f81cc384c3192e1338b0c1fd51f637b649		pending	pending	pending	pending	pending	pending	pending	pending	pending review
fig:extended-defect-basic-operations	114.1	2343	2423	8671d9c77082d3cc1699ff2003ea578cd7e79f571d76a270463fca71baecebe3	monograph/tex/build/figure_audit_current/pages/page-2423.png	45e3363e712acdfd6d46fd27952b02785344eaa12a9ba45a133b22b695129d71		pending	pending	pending	pending	pending	pending	pending	pending	pending review
fig:oblique-confinement-finite-lattice	116.1	2366	2446	8671d9c77082d3cc1699ff2003ea578cd7e79f571d76a270463fca71baecebe3	monograph/tex/build/figure_audit_current/pages/page-2446.png	d7ab79334b9217f17b6a3a047c8d7e2dec4db24326fdfc4ee45249d669dd36df	substantial_color_pixels_check_grayscale_semantics	pending	pending	pending	pending	pending	pending	pending	pending	pending review
fig:inflow-boundary-line-gluing	118.1	2385	2465	8671d9c77082d3cc1699ff2003ea578cd7e79f571d76a270463fca71baecebe3	monograph/tex/build/figure_audit_current/pages/page-2465.png	8fdef92bd76b05b87a092a546ca0c627e1470559201aaa986a722bf975b54cb2		pending	pending	pending	pending	pending	pending	pending	pending	pending review
fig:kms-strip	124.1	2456	2536	8671d9c77082d3cc1699ff2003ea578cd7e79f571d76a270463fca71baecebe3	monograph/tex/build/figure_audit_current/pages/page-2536.png	581c9a906f60801e32e5c5e49f25759404db62b589dbe238637bbf6923757529		pending	pending	pending	pending	pending	pending	pending	pending	pending review
fig:retarded-support	124.2	2459	2539	8671d9c77082d3cc1699ff2003ea578cd7e79f571d76a270463fca71baecebe3	monograph/tex/build/figure_audit_current/pages/page-2539.png	08ad4e2e365e33a22b15934186c43b8f865dc574fe77c99ee86884a1779076bf		pending	pending	pending	pending	pending	pending	pending	pending	pending review
fig:thermal-hydrodynamic-variables	124.3	2461	2541	8671d9c77082d3cc1699ff2003ea578cd7e79f571d76a270463fca71baecebe3	monograph/tex/build/figure_audit_current/pages/page-2541.png	099ff88b2fa746e1cd95413b9985eb0832e349f441b9f112d0506be8cb9cbaee		pending	pending	pending	pending	pending	pending	pending	pending	pending review
fig:thermal-trace-spin-structure	125.1	2466	2546	8671d9c77082d3cc1699ff2003ea578cd7e79f571d76a270463fca71baecebe3	monograph/tex/build/figure_audit_current/pages/page-2546.png	836ec97c7fd500f7217175b75f37a3ece888073c41c7d8a5b2276cdea1eb1eac		pending	pending	pending	pending	pending	pending	pending	pending	pending review
fig:sk-closed-time-path	126.1	2471	2551	8671d9c77082d3cc1699ff2003ea578cd7e79f571d76a270463fca71baecebe3	monograph/tex/build/figure_audit_current/pages/page-2551.png	545b5a6ec4b28c1bfbfc0bba54cb015d4295b1ef1dd57e15a6e62b8249a1bba4		pending	pending	pending	pending	pending	pending	pending	pending	pending review
fig:kubo-order-of-limits	127.1	2483	2563	8671d9c77082d3cc1699ff2003ea578cd7e79f571d76a270463fca71baecebe3	monograph/tex/build/figure_audit_current/pages/page-2563.png	2d5c3a42c8d0ed9a32c114615f1be024737fe0fad3b65e98daf1f99692cc69e3		pending	pending	pending	pending	pending	pending	pending	pending	pending review
fig:lattice-fermion-midlink-reflection	146.1	2983	3063	8671d9c77082d3cc1699ff2003ea578cd7e79f571d76a270463fca71baecebe3	monograph/tex/build/figure_audit_current/pages/page-3063.png	fa6acab4f15effca0f020875dbaa7c42366b1d4ebb967863bf4d6872c302e882		pending	pending	pending	pending	pending	pending	pending	pending	pending review
fig:eta-cylinder-mapping-torus	153.1	3053	3133	8671d9c77082d3cc1699ff2003ea578cd7e79f571d76a270463fca71baecebe3	monograph/tex/build/figure_audit_current/pages/page-3133.png	d1c859536d4cdf6a4bd0478bd1bdc3c2626969f6c69f0e9e8f635a7479249300		pending	pending	pending	pending	pending	pending	pending	pending	pending review
